﻿[
    {
      "Name": "Item 1",
      "Children": [
        {
          "Name": "Item 1.1",
          "Children": [
            {
              "Name": "Item 1.1.1",
              "Children": [ ]
            },
            {
              "Name": "Item 1.1.2",
              "Children": [ ]
            },
            {
              "Name": "Item 1.1.3",
              "Children": [ ]
            }
          ]
        },
        {
          "Name": "Item 1.2",
          "Children": [
            {
              "Name": "Item 1.2.1",
              "Children": [ ]
            },
            {
              "Name": "Item 1.2.2",
              "Children": [ ]
            },
            {
              "Name": "Item 1.2.3",
              "Children": [ ]
            }
          ]
        }
      ]
    },
    {
      "Name": "Item 2",
      "Children": [
        {
          "Name": "Item 2.1",
          "Children": [
            {
              "Name": "Item 2.1.1",
              "Children": [ ]
            },
            {
              "Name": "Item 2.1.2",
              "Children": [ ]
            },
            {
              "Name": "Item 2.1.3",
              "Children": [ ]
            }
          ]
        }
      ]
    }
  ]
  